UserName,Handle,Timestamp,Text,Comments,Likes,Retweets
Frank Costa,2021-04-24T00:10:34.000Z,"Symone gave us iconic runways all season long. 
 #DragRace",5,264,707
Mike Tague,2021-04-24T00:12:31.000Z,"Gottmik, the final boss in your favorite Final Fantasy game #DragRace",3,149,460
harry | rt pinned,2021-04-24T00:14:40.000Z,"ladies and gentlemen, them
#DragRace",4,55,192
tshad #teamgottmik #teamsymone,2021-04-24T00:16:50.000Z,MIK WILL ALWAYS UNDERSTAND THE ASSIGNMENT ALWAYS #DragRace,2,42,137
chloe york,2021-04-24T00:13:04.000Z,im speechless #DragRace,4,102,288
tayomi‚ô°,2021-04-24T00:10:00.000Z,SYMONE. THAT‚ÄôS IT...THAT‚ÄôS THE TWEET #DragRaceSymone,,29,140
je ‚Äúilliterate‚Äù nn,2021-04-24T00:14:01.000Z,I FULLY SCREAMED #DragRaceGottmik,1,77,223
tshad #teamgottmik #teamsymone,2021-04-24T00:15:31.000Z,BEST RUNWAY IN SUCH A LONG TIME SHUT UP LOOK AT THEM  #DragRace,,18,69
"sinead
#teamros√©",2021-04-24T00:08:31.000Z,ARE WE SEEING THIS BEAUTY #DragRace,1,26,144
Joey Nolfi,2021-04-24T00:15:58.000Z,"Blood sugar NOT low and will never be low again if Symone keeps feeding us like this 

#DragRaceSymone",,34,168
SouthernHomo,2021-04-24T00:12:15.000Z,Gays right now #DragRace,1,52,235
andi,2021-04-24T00:10:56.000Z,THEY. ALL. DID. THAT. #DragRaceGottmik and 3 others,,15,48
je ‚Äúilliterate‚Äù nn,2021-04-24T00:11:30.000Z,SHE ALWAYS UNDERSTOOD THE ASSIGNMENT #DragRaceSymone,,26,75
World of Wonder,2021-04-24T00:16:02.000Z,"Category is... Black & White 
Serving contrast for days: 
@the_symonee
! 

#DragRace",12,130,244
Jackie Cox,2021-04-24T00:12:16.000Z,"Oh seeing 
@jaidaehall
 on our SCREENS is such a good feeling. #DragRace",7,17,388
"becca
#teamkandy",2021-04-24T00:17:58.000Z,truly the best top 4 #DragRace,,11,52
World of Wonder,2021-04-24T00:17:10.000Z,"Category is... Red All Over 
Turning up the heat: 
@gottmik
! 

#DragRace0:32
1.6K views",4,51,200
RuPaul's Drag Race,2021-04-24T00:14:46.000Z,"#DragRace bringing families together ‚Äì we love to see it! 
@gottmik",14,69,591
Jaida Essence Hall,2021-04-24T00:14:51.000Z,"Another dream come true working a drive in, but this time as a correspondent 
 lmao 

#dragrace",9,10,389
chloe york,2021-04-24T00:15:27.000Z,this gottmik look is my fave thing in the world #DragRaceGottmik,,13,74
Jaida Essence Hall,2021-04-24T00:08:35.000Z,"I just wanna cry!!! Look at the mf fashion I just really could melt! Great job 
@gottmik
 @omgheyrose
 @TheKandyMuse
 @the_symonee
 

#DragRace",12,71,888
RuPaul's Drag Race,2021-04-22T18:00:02.000Z,#DragRace Season 13 once said... ,84,1.4K,10.3K
Beef Daddy,2021-04-23T23:56:39.000Z,"This is y‚Äôall‚Äôs warning. I will be tweeting about #DragRace 
@TheBiancaDelRio",,46,162
Natalia,2021-04-17T02:15:40.000Z,me throwing this ‚Äúreunion‚Äù back to rupaul #dragrace,17,338,2.7K
Nick,2021-04-24T00:07:51.000Z,Giver her the damn crown now  #DragRace,4,13,104
Mark,2021-04-24T00:08:45.000Z,Ms Symone is serving hair show tonight #DragRace #DragRaceFinale,3,19,94
;,2021-04-23T18:03:31.000Z,"Sasha Velour, look what you did gurl  #DragRace",4,28,139
ùî™ùîûùîØùî†ùî¨,2021-04-24T00:06:39.000Z,I'm going to pass out. I will have a heart attack. #DragRaceFinale #DragRaceGottmik,1,12,80
LILY! ‚Ä¢ #teamros√© updates,2021-04-23T17:30:26.000Z,"Little Scottish boy grew up to be the supreme 
 #teamros√© #dragraceThe Ros√©",2,54,624
Black Lives Still Matter,2021-04-24T00:11:38.000Z,Symone won the crown just with this look #DragRace #DragRaceFinale,,9,39
Pop Crave,2021-04-22T15:33:01.000Z,".
@KylieMinogue
 will appear as a guest judge on the upcoming first season of RuPaul‚Äôs #DragRace Down Under.",113,416,5.3K
ChangoATX,2021-04-24T00:06:22.000Z,"SHE DID THAT!! 
@the_symonee
 did not come to play with this queens #DragRace",,14,65
World of Wonder,2021-04-23T23:47:07.000Z," SPOILER ALERT! 
After tonight's Grand Finale, we'll be celebrating the champion of #DragRace Season 13 along with the rest of the internet. 
 Remember to stay offline if you want to avoid spoilers + to send love to ALL of our queens tonight!",12,52,263
RuPaul's Drag Race,2021-04-19T18:00:01.000Z,"Hi gorge 
 

Are you #TeamGottmik? Keep showing 
@gottmik
 love by using the hashtag to collectively crash the cis-tem! 
 #DragRace",371,3.1K,14.2K
RuPaul's Drag Race,2021-04-23T21:02:59.000Z,"It's the Virtual Red Carpet for the #DragRace Season 13 Finale with 
@jaidaehall
!RuPaul's Drag Race
@RuPaulsDragRace
RuPaul's Drag Race Season 13 Virtual Red Carpet",41,389,1.2K
"sinead
#teamros√©",2021-04-24T00:13:35.000Z,they are so gorgeous my heart #DragRace,,12,35
"jaz
's daya",2021-04-17T12:18:22.000Z,"it can't be just me
#DragRaceKANDY ‚ÄúTOP 4‚Äù MUSE and 3 others",26,522,4.8K
harry | rt pinned,2021-04-24T00:19:59.000Z,"i believe in gottmik supremacy 
#DragRace",,2,10
RuPaul's Drag Race,2021-04-24T00:00:00.000Z,"Let the #DragRace Grand Finale BEGIN! 
 

Keep showing our top four love using #TeamGottmik, #TeamKandy, #TeamRos√©, and #TeamSymone across social media! GIF",39,130,659
seth ‚Å∂,2021-04-23T19:09:16.000Z,". 
@gottmik
 ALWAYS understands the assignments and is THE valedictorian in every category #TeamGottmik #DragRaceGottmik and RuPaul's Drag Race",,30,236
LaLa Ri,2021-04-23T18:15:56.000Z,Because I love them all! #TOP4 #DragRace,12,78,942
Evanicci,2021-04-24T00:07:49.000Z,THESE FINALE LOOKS MY GOD #DRAGRACE,,7,33
LILY! ‚Ä¢ #teamros√© updates,2021-04-24T00:08:28.000Z,ALL HAIL OUR QUEEN. #TeamRos√© #DragRaceThe Ros√©,,9,34
The Broadway Slasher,2021-04-24T00:18:50.000Z,"Like come on y‚Äôall, how can you NOT get behind this double-crowning??? These girls are SERVING!!!! #dragrace #teamsymone #teamgottmik",,4,10
"sinead
#teamros√©",2021-04-24T00:21:29.000Z,i am so so proud of mik omfg #DragRace,,1,8
Jaida Essence Hall,2021-04-23T22:21:20.000Z,"Whew! 
@denalifox
 in this latex cactus look is gagging me thoroughly 
#DragRace",15,33,875
tshad #teamgottmik #teamsymone,2021-04-24T00:13:01.000Z,MIK WILL NEVER MISS A SERVE NEVER #DragRace,,9,25
"sinead
#teamros√©",2021-04-24T00:11:20.000Z,fully never gonna recover from this #DragRace,,9,27
tshad #teamgottmik #teamsymone,2021-04-24T00:11:36.000Z,"TOP FUKCIT 2 LOOK AT THEEEEME
#DragRace",,13,34
nica; #teamsymone,2021-04-24T00:18:53.000Z,"THEY'RE WATCHING THE FINALE TOGETHER??? OH MY GOD OH MY GOD OH MY GOD 

#DragRace",3,2,22
tayomi‚ô°,2021-04-24T00:04:50.000Z,SHE LOOKSS SOOOO GOODDDD #DragRace,,,32
Josh Mc,2021-04-17T03:22:43.000Z,"#RPDR13 #RPDR #DragRace 

I miss these type of reunions...",3,27,281
Wild beach ‚ÜØ,2021-04-24T00:17:46.000Z,The name's Symone and she‚Äôs here for the throne! #DragRace,,2,10
crazy broke asian,2021-04-24T00:19:42.000Z,everyone‚Äôs looks tonight #DragRace,,3,25
"sinead
#teamros√©",2021-04-24T00:09:53.000Z,she is a literal princess omfg #DragRace,,13,18
RuPaul's Drag Race,2021-04-20T13:30:00.000Z,"Who will be America's Next Drag Superstar?! 
 

Don't miss the gagworthy #DragRace Season 13 finale FRIDAY at 8/7c on 
@VH1
! ",433,1.2K,7.4K
Nenad (Taylor‚Äôs Version),2021-04-24T00:20:02.000Z,THEY ARE SO SICK FOR THIS CROWN THEM RIGHT NOW #DragRace,1,4,8
Dapper Danimals,2021-04-23T12:44:09.000Z,"I really enjoyed 
@jaidaehall
 as our reigning Queen #DragRace",,8,90
ìÜ©‚ô°ìÜ™pedrw | team gottmik,2021-04-24T00:15:18.000Z,"BITCHHHHHHHHHH #TeamGottmik  
@gottmik
 #DragRace",,4,18
RuPaul's Drag Race,2021-04-23T22:01:32.000Z,"Are you watching the #DragRace S13 Grand Finale + Virtual Red Carpet?! RuPaul Drag Race
RuPaul‚Äôs Drag Race Season 13 Grand Finale",19,70,419
roob #teamsymone #teamgottmik,2021-04-24T00:20:49.000Z,now that is drag excellence. #DragRace,,2,5
Pedro Davi,2021-04-20T16:21:23.000Z,The double crown that we deserve ! #TeamGottmik #TeamSymone #DragRace,,8,60
nica; #teamsymone,2021-04-17T02:08:00.000Z,"7 days until her journey ends up with a crown, scepter and 100k dollars let's fucking GOOOO #teamsymone #DragRace",2,82,407
Rafa!,2021-04-24T00:14:27.000Z,She always understandsthe assignment #DragRace ,1,6,12
The Broadway Slasher,2021-04-24T00:10:59.000Z,"Yes, I accept 
@the_symonee
 as my Lord and Saviour. #dragraceGIF",,3,16
Weslee #TeamSymone #TeamGottMik,2021-04-17T01:48:23.000Z,Denali & Lala as the lip sync assassins of the season #DragRace,1,70,1K
shadywallflower,2021-04-17T01:42:46.000Z,this reunion #DragRace,,54,584
katye,2021-04-24T00:20:59.000Z,"LITERALLY SPEECHLESS #dragrace #teamsymone2.3K views
0:02 / 0:38
From 
World of Wonder",,,7
Helena Rodriguez,2021-04-17T04:41:32.000Z,"Best top 3 ever!!
#dragrace",12,34,377
Tahlia is the next drag superstar,2021-04-17T03:10:08.000Z,"Everyone right now: #dragrace #DragRaceReunitedThe following media includes potentially sensitive content. Change settings
View",7,64,666
RuPaul's Drag Race,2021-04-20T16:30:00.000Z,"Before someone becomes America's Next Drag Superstar, our Queens dish out famed titles like 'Trade Of The Season' and 'Most Runway Ready' to their Season 13 sisters! 
 

Don't miss the #DragRace finale FRIDAY at 8/7c on 
@vh1
! ",83,383,3.6K
LEO,2021-04-24T00:16:43.000Z,HOLY SH*T!!!!! #DragRace,,3,4
rhi,2021-04-24T00:20:48.000Z,i‚Äôll never get over this look i‚Äôm afraid #DragRace,,1,3
chris,2021-04-24T00:09:49.000Z,"The fucking SERVE. #DragRaceThe following media includes potentially sensitive content. Change settings
View",,9,22
Bussie Smollett,2021-04-24T00:07:46.000Z,Why is Symone eating them up like this! #DragRaceGIF,,4,15
K. Hall,2021-04-19T17:15:16.000Z,"Still servings beads and face 
 Showing up to the #DragRace RU-union in 
@BobMackie
 reworked by 
@JOSHUANAPONTE",41,233,4.4K
andi,2021-04-17T02:48:16.000Z,"DENALI GAVE US BOYNALI, THE SKATES, A RUVEAL IN ONE VIDEO. WHAT A SERVE. 
@denalifox
 #DragRaceFrom 
aquele andy #FREEBRITNEY",,24,102
christmas‚Äô jail cell,2021-04-17T02:00:00.000Z,everyone who is #teamsymone is pretty i don‚Äôt make the rules #dragrace,2,42,388
sally the Scallywag,2021-04-17T01:37:27.000Z,"That roast was Utica‚Äôs villain Origin story 
 #DragRace",,14,369
Dan Johnson,2021-04-24T00:21:12.000Z,Can we please get this in a Matel doll version?? Stunning! #DragRace #gottmik,,,1
RuPaul's Drag Race,2021-04-21T17:00:01.000Z,"After starting off the season with SIX sickening lip syncs, our Queens delivered legendary LSFYLs week after week! 
 

Ru-live every #DragRace Season 13 lip sync before the GRAND FINALE ‚Äì FRIDAY at 8/7c on 
@VH1
! 
  https://youtube.com/playlist?list=PLGwZKkKxJCicAQmMkexJvUX1DozOOfGxT‚Ä¶",20,135,1.7K
more #teamgottmik,2021-04-24T00:21:16.000Z,THE ICONIC GOTTMIK #TeamGottmik #DragRace,,2,5
RuPaul's Drag Race,2021-04-20T20:00:01.000Z,"From the hood to Hollywood!! Get into some of 
@thekandymuse
's best moments from #DragRace Season 13!! ",57,222,1.9K
Antonio Serna,2021-04-24T00:22:49.000Z,"They just ate 
@TheKandyMuse
 up with these looks. We seriously need a double win for these girls #DragRace",,,
kelsee is TEAM GOTTMIK,2021-04-24T00:19:26.000Z,ARE YOU KIDDING ME BITCH?? #DragRace,,1,5
Ricky,2021-04-24T00:18:46.000Z,Symone and her hair #DragRace,,1,5
Steve Jr,2021-04-24T00:01:58.000Z,"If anybody other than Symone or Gottmik wins tonight...
#DragRaceGIF",,3,4
Christian Vitek,2021-04-24T00:20:01.000Z,This season of #DragRace has transcended boundaries for queer representation.,,3,1
Nicholas Rivera,2021-04-24T00:14:34.000Z,But Gottmik‚Äôs dad though #DragRaceGIF,,2,5
Entertainment Tonight,2021-04-21T14:17:00.000Z,"Residing all the way at the busy intersection of wit avenue and fashion blvd., 
@omgheyrose
 is ready to bring a little camp Hollywood glamour to the #DragRace crown! 'Drag Race‚Äô: Ros√© on Making It to Finale With No Ru-grets (Exclusive)
ET virtually caught up with season 13 finalist Ros√© ahead of the ‚ÄòRuPaul‚Äôs Drag Race‚Äô finale.
etonline.com",6,30,448
RuPaul's Drag Race,2021-04-17T01:55:09.000Z,"C‚Äômon Season 13 lip sync assassins! 
 @denalifox
 @MissLaLaRi
 #DragRace",95,728,6.6K
World of Wonder,2021-04-24T00:05:07.000Z,"We're putting the GRAND in Grand Finale tonight w/ a glistening performance of ""New Friends Silver, Old Friends Gold"" by 
@RuPaul
! 
 

#DragRaceGIF",,5,39
ChangoATX,2021-04-24T00:14:45.000Z,"THIS IS THE HEART OF SEASON 13 (and she‚Äôs letting you know it!) 
@gottmik
 WAS BREATHTAKING #DragRace",1,2,6
Nas #teamroseÃÅ #teamgottmik,2021-04-23T13:43:06.000Z,"can I just say that no matter what happens tonight no one was robbed. Symone wasn't robbed, Ros√© wasn't robbed, gottmik wasn't robbed, kandy wasn't robbed. No one was robbed and who ever does end up winning fully deserves it #DragRace",,9,38
GAY TIMES,2021-04-21T21:21:00.000Z,".
@kylieminogue
 is finally making her #DragRace debut We should be so lucky! Kylie Minogue confirmed as guest judge on Drag Race Down Under
Kylie Minogue will join RuPaul, Michelle Visage and Rhys Nicholson on the panel of the Australasian spin-off, Drag Race Down Under. 
gaytimes.co.uk",10,124,643
Jaimee Dianna,2021-04-24T00:12:25.000Z,"Congratulations Queen!! 
@the_symonee
 Love love love!!! I'm gagged. 
 #DragRace #DragRaceFinale Symone and RuPaul's Drag Race",,1,2
oz | 7DREAM ALBUM,2021-04-17T02:04:23.000Z,i just watched 2 hours of recap race #dragrace,,8,198
Zoe {She/They},2021-04-17T02:13:34.000Z,"#DragRace 
Everyone: Utica‚Äôs music video was so weird 

Me who interpreted it as Utica cutting all of the bad ties in her life and becoming the best version of her:",1,6,83
Lou Cue,2021-04-18T03:54:11.000Z,"Icon: (noun) See below 
@TamishaIman1
 #dragrace #RuPaulsDragRace #rupaulsdragraceseason13",4,34,855
tayomi‚ô°,2021-04-24T00:01:18.000Z,FINALE NIGHT IM SOOOO NERVOUS #DragRace,,2,1
ana ‚àû,2021-04-17T01:57:12.000Z,#DragRace DENALI WITH THAT WIG REVEAL FLIP THING,,15,180
e‚Ä¢BLM‚Ä¢ACAB,2021-04-17T03:55:48.000Z,I really missed seeing Miss Tamisha Iman on my tv screen #DragRace,1,4,90
RuPaul's Drag Race,2021-04-17T16:00:00.000Z,"The Top 4 are recapping their journeys to the finale with 
@michellevisage
 on #WhatchaPackin!! 
 

Kiki with 
@omgheyrose
 as she reminisces about Season 13!! 
 https://youtube.com/watch?v=yIZVl3XW5H8‚Ä¶

#DragRace #TeamRos√©",37,122,1.3K
petty betty,2021-04-17T01:22:51.000Z,"Tina Burner: ‚Äúi‚Äôll be back, i‚Äôm an all-star‚Äù #DragRace",,2,139
Ira Snave,2021-04-17T03:17:55.000Z,I laughed so loud I spooked the cat #dragrace,,1,53
tinydavyq,2021-04-23T06:58:35.000Z,"Me @ Ru when I remember starting s13 on New Years Day, then waking up today and realising there is *still* another 24 hours to go before the finale airs 
#DragRace",,,17
‚Ñïùïñùï£ùïí,2021-04-17T02:02:16.000Z,"Well, that was the best episode of the season.. #DragRace",,2,42
jessimae #teamros√©,2021-04-18T13:36:51.000Z,okay but with the finale being next week can we all agree that these are the BEST top 4's in rpdr herstory #DragRace,,5,6
ùöûùöóùöí ‚Ä¢ ùüª.ùü∏ùü∏,2021-04-22T13:03:17.000Z,"Just in love with the fact that Ros√©, Gottmik and Symone did not disappoint me. Akala ko talaga uuwi ng maaga si Mik but turns out she's the comedy queen of the season. Love her so much. But it's Symone VS Ros√© on Saturday. Blood bath to for sure ahhhh! #DragRace",,1,9
Entertainment Tonight,2021-04-21T14:50:26.000Z,"Whoaa, we never meant to brag‚Äî but we‚Äôve got a *sweet toof* for #DragRace‚Äôs 
@the_symonee
 now (and so does everyone else)! 'Drag Race' Finalist Symone Talks Getting Love From Lizzo (Exclusive)
Plus, would the season 13 finalist want to compete against sister Gigi Goode?
etonline.com",4,36,206
Edgar,2021-04-17T03:51:25.000Z,Me listening to Lala Ri‚Äôs new BOP! #DragRace It‚Äôs giving ICONGIF,,2,8
joseph,2021-04-17T11:09:33.000Z,the whole #DragRace fandom w this reunion:,,5,13
Taren Williams,2021-04-24T00:04:06.000Z,I loved Ms. Jaida Essence Hall as our reigning Queen #DragRaceFinale #DragRace,,1,1
"hayles
artblock arc",2021-04-22T13:34:27.000Z,had 2 draw ros√©‚Äôs haute pocket look from  #dragrace #teamrose,2,1,2
sab,2021-04-19T20:21:24.000Z,spot the difference (in the best way possible i love this) #dragrace,1,1,6
Reg√©-Jean Velasquez,2021-04-17T13:09:32.000Z,"I‚Äôm excited for Denali and Tina‚Äôs collab 
 #DragRace",1,,9
I'm the Sugar Honey Iced Tea,2021-04-23T23:42:59.000Z,"I'm so excited to see what my queen 
@jaidaehall
 is going to serve on her final runway 
#DragRaceGIF",,,1
#BlackLivesMatter,2021-04-23T01:24:27.000Z,"The finale might be tomorrow, but the winner of season 13 looks stunning here. 
@gottmik
 #TeamGottmik #DragRace",,,5
boy‚Ä¢is‚Ä¢a‚Ä¢rhaphidophora‚Ä¢tetrasperma,2021-04-24T00:09:36.000Z,".
@gottmik
 got me like... #DragRaceGIF",,,2
MeKenzie Hilsmeyer,2021-04-23T13:16:42.000Z,"Tonight! #TeamRos√© #dragrace 
@omgheyroseQuote Tweet
RuPaul's Drag Race
@RuPaulsDragRace
 ¬∑ Apr 19
Yes way, Ros√©! 
Are you #TeamRos√©? Keep using the hashtag to show your support for @omgheyrose! 
 #DragRace",,,3
Nina Burner,2021-04-23T12:44:35.000Z,I made one in honor of the #DragRace finale,,,1
Thatmanmidwife,2021-04-18T20:28:56.000Z,"So my Sunday Night will be spent at the ‚ÄúDrive In Drag Race‚Äù in Liverpool... who knew sitting in your car in a car park could be so much fun!!
#DragRace 
#carparkfun",,,4
willbutrin,2021-04-17T02:02:27.000Z,The queens tonight #dragrace,,,12
Javier,2021-04-17T17:03:24.000Z,"Always & 4 Ever A History More In #DragRace 
@denalifox
 It Was Amazing",,,2
Cheeto Ackerman,2021-04-17T05:20:23.000Z,"Call an ambulance, call an ambulance.... But not for Denali
#DragRace",1,5,55
Sean,2021-04-18T14:40:33.000Z,"This Tina Burner audition tape is sending me #dragraceFrom 
Bob Marshall",,4,21
axel *‡©à‚ú©‚Äß‚ÇäÀö || FINALE DAY,2021-04-17T21:13:08.000Z,no because i cant stop thinking about them #DragRaceGottmik and 3 others,,,21
Jane Blatz,2021-04-18T02:24:23.000Z,"‚ÄúIf the cameras were not there, I would have hit her‚Äù is my #DragRace Reunion highlight. We stan Miss Tamisha Iman today & every day.GIF",,2,13
Tommy,2021-04-18T19:05:20.000Z,A reminder that in a year where Lala Ri wore this on the runway Kandy Muse still managed to present us with the worst look we saw #DragRace,2,,19
Rashad Hardrick,2021-04-17T22:49:55.000Z,So I hated that #DragRace Reunion. It was very boring EXCEPT for Tamisha and Denali‚Äôs music videos. Those were great. Everything else.....GIF,,1,2
basic drag race fan,2021-04-21T21:47:03.000Z,"so this is my new favourite thing #DragRace 
@trixiemattelTrixie Mattel‚Ñ¢ and Trixie Cosmetics",,,
Trin #TeamGottmik,2021-04-20T13:43:38.000Z,the finale's literally so close #TeamGottmik #DragRace,,,2
Lexie,2021-04-17T21:46:47.000Z,"Hear me out, the final 4 of this season of #DragRace gives me #season6 vibes. I‚Äôm rooting for them all, but there is one clear winner.  
@gottmik
 @TheBiancaDelRio",,,
Simply Kris,2021-04-24T00:12:26.000Z,"Just crown her already

#DragRace #TeamSymoneGIF",,3,4
presa pol√≠tica,2021-04-24T00:04:37.000Z,rupaul performing #DragRace #DragRaceFinaleGIF,,2,4
Jack,2021-04-17T19:48:29.000Z,"The talent! The memes! The cheekbones 
 #DragRace",1,,4
RuPaul‚Äôs Drag Race Down Under Updates,2021-04-21T11:13:22.000Z,"The Down Under Queens move to 
@bbcthree
 for #DragRaceDownUnder 
#DragRace",,2,11
Bingbangbong Marcos #oustduterte,2021-04-22T17:59:16.000Z,"I wanna rewatch the whole #DragRace s13 but only the parts with 
@denalifox
 and 
@omgheyrose
 in  it ",,,
Nick,2021-04-24T00:02:32.000Z,"Tonight, 
@RuPaul
 said choreo  #DragRace",,,
LEO,2021-04-17T21:45:10.000Z,"UTICA ALWAYS SERVES US LEWKS!! 
 #DragRace #DragRaceReunited #RuPaulsDragRace",,3,29
Drag Doll,2021-04-18T10:01:41.000Z,"That video of Trinity Taylor realizing the All Stars 4 win was a tie 
 #DragRace #AllStars #TrinityTaylor #MonetXChange",,,3
gagatrondra,2021-04-24T00:05:48.000Z,#DragRace GOTTMIIIIIIIK OMG AMAZING,,,
Cadelinha da Wanda,2021-04-22T20:00:05.000Z,"Trend melhores looks da S13, my opinion 
Ep.7 Beat it (eu acho) 
#DragRace",,,
Keyo H.,2021-04-23T14:30:43.000Z,"I‚Äôm ready for 
@jaidaehall
 finale pass the crown gown. Baby I KNOW I‚Äôm gonna get my entire existence #DragRaceGIF",,,
Cady Casellas,2021-04-24T00:03:01.000Z,"@gottmik
 one word: STUNNING! 
 #DragRace",,,
BluLeo,2021-04-22T22:25:07.000Z,"The Top 4 of 
@RuPaulsDragRace
 

#DragRaceThe Ros√© and 3 others",,,
Ê∞¥ÁÖÆËõã-ÔºÅread pinned twt,2021-04-21T13:17:14.000Z,"tentu sajaa #TeamGottmik. i love my queen so much omg 
#DragRace 
@gottmikQuote Tweet
Pop Crave
@PopCrave
 ¬∑ Apr 19
The Top 4 of RuPaul‚Äôs #DragRace Season 13 showed up to the grand finale‚Äôs red carpet in style.",,,
YIŒîM,2021-04-19T04:07:19.000Z,"I feel like when covid is under control Season 12 & Season 13 need a proper reunion #RuPaulsDragRace #DragRace 
@RuPaulsDragRace
 @WorldOfWonder",,,1
NYC/Florida Buddy,2021-04-17T04:44:30.000Z,"‚ÄòWhen someone shows you who they are, believe them‚Äù Kandy Muse attacking Tamisha during the ‚Äúreunion‚Äù Tamisha has more class and talent than Kandy ever will. #DragRaceReunited #DragRace the producers forced her upon the viewers this season.",,1,16
Ghalia ÿ∫ŸÑŸàŸä ÿßŸÑÿπÿßŸÖÿ±Ÿä,2021-04-23T08:20:26.000Z,"The longest season of #DragRace after 100 episodes is ending today! Now let's see 
@the_symonee
 take the crown! #TeamSymoneGIF",2,1,2
Drag Doll,2021-04-21T23:12:37.000Z,"Not Bob and Mon√©t using this screenshot of Olivia‚Äôs music video 
 #SiblingWatchery #SiblingRivalry #DragRaceSibling Rivalry Podcast and 2 others",1,,7
Oscar Luis,2021-04-19T21:24:00.000Z,"That's a winner, baby 
#TeamSymone
#DragRaceSymone",,1,12
Space_Rock,2021-04-22T22:04:58.000Z,"My no. 1 pick for the next winner of #DragRace is 
@omgheyrose
 followed by 
@gottmik
. Both have shown amazing talent throughout season 13 and they had the best verses on Lucky hands down.",,,2
Kasey McKay,2021-04-20T22:41:21.000Z,"Me when 
@TheKandyMuse
 doesn‚Äôt win the Crown #TeamKandy #DragRaceTrixie Mattel‚Ñ¢",,,1
Celia Macdonald,2021-04-23T07:32:06.000Z,"There  HAS to be a Double Crowning of Ros√© and Gottmik!
#TeamRos√© #TeamGottmik
#DragRace

Don‚Äôt forget that any Queen in the Top 4 are deserving of Winning.
And also remember how difficult it is to make it to the Top 4!
That should still be celebrated!
@omgheyrose
 @gottmik",,,
taciane do vigor,2021-04-23T23:48:50.000Z,"may the best drag queen... WIN! 
@TheKandyMuse
 #DragRaceGIF",,,
Jesse Thee Slade,2021-04-23T14:04:17.000Z,Happy finale day! #dragrace,1,1,10
D O M O,2021-04-24T00:07:40.000Z,"I can‚Äôt really pick a winner but I think it‚Äôs going to be between 
@the_symonee
 and 
@gottmik
 #DragRace",,,
emi ‚òæ,2021-04-17T01:43:58.000Z,"Ok I wanna know... who do you think deserves Miss congeniality?
#DragRace",5,1,15
Alexis Ortega,2021-04-23T17:32:43.000Z,"One picture, two Next American Superstars
#TeamSymone #TeamGottmik 
@RuPaulsDragRace
 #DragRace",,,1
Val,2021-04-23T18:28:56.000Z,"It is time to crown our QUEEN 
@gottmik
 #DragRace #TeamGottmik",,1,2
vkurious,2021-04-23T23:36:52.000Z,"This top four is the definition of C.U.N.T which makes it so hard to choose but pin to my head I gotta go with 
@gottmik
 #TeamGottmik #DragRaceFinale #DragRace",,,
sebasss ‚úßÔΩ•Ôæü. * | #TEAMSYMONE,2021-04-22T13:15:23.000Z,it's jaida's last day as the reigning queen and this serve is still not talked about nearly enough #DragRaceJaida Essence Hall,,,4
Loni Love,2021-04-20T11:19:48.000Z,Shout out your fav!!! #DragRace,32,7,123
Lil Ussy Gussy,2021-04-18T03:17:28.000Z,Olivia Lux supremacy. #DragRaceGIF,,1,16
Lazlow,2021-04-23T12:54:21.000Z,"I just cracked open an egg and it had two yolks, I'm going to interpret this as an omen that both 
@gottmik
 and 
@the_symonee
 are gonna win tonight #dragrace",1,,
ùöíùöüùöéùöú,2021-04-17T11:28:36.000Z,okay but Lala Ri's body is snatched for the gods and that music video... #icon #DragRace,,1,3
Ne me cherche pas,2021-04-23T16:38:13.000Z,"""I'm just like really really busy after work today"" #dragrace 
@BlackLadySketch
 #MortalKombatMovie",,,
Cadelinha da Wanda,2021-04-22T19:55:57.000Z,"Trend melhores looks da S13, my opinion 
Ep.6 Little Black Dress 
#DragRace",,,
stupid dumb bitch,2021-04-23T02:15:00.000Z,americas next drag superstar gets crowned tomorrow iktr #dragrace #TeamSymone,,1,3
// …¢·¥è…¥ ·¥Ö·¥Ñs #TEAMSYMONE ‚ûê,2021-04-19T22:07:06.000Z,they understood the assignment. #DragRaceKANDY ‚ÄúTOP 4‚Äù MUSE and Symone,,1,13
Ooshwa ‚ÄúGet Rid of the Nazis‚Äù Middlebrown,2021-04-21T23:42:55.000Z,"#TeamGottSymone for the double win!!!!!

#DragRace",,1,3
,2021-04-23T07:55:39.000Z,"@omgheyrose
  better get her crown today #DragRace #RuPaulsDragRace #TeamRos√© GIF",,,2
Judson,2021-04-23T12:46:30.000Z,#DragRace grand finale tonight!GIF,,1,
RuPawl,2021-04-18T00:49:59.000Z,Are you #TeamGottmik? #DragRaceFinale #dragraceGottmik and RuPaul's Drag Race,,1,35
Black Lives Still Matter,2021-04-19T20:40:45.000Z,How could you not be Team Symone? SHE is the moment AND THE WINNER. #DragRace #TeamSymone,2,2,3
Black Lives Still Matter,2021-04-19T20:43:31.000Z,THE EBONY ENCHANTRESS IS HERE TO WIN HER CROWN #TeamSymone #DragRace,,,2
ùêû,2021-04-19T19:05:23.000Z,"Queen things 
@the_symonee
 #DragRace #GIF_BUZZGIF",1,,
Chronic Fatigue & Trauma HQ,2021-04-24T00:15:20.000Z,"Team 
@the_symonee
!! #DragRace",,,
ros√©nali jantasy ‚òæ,2021-04-23T23:09:55.000Z,"Replying to 
@rowdymuse@denalifox
, the nail queen 
 

#DragRace",1,,3
ros√©nali jantasy ‚òæ,2021-04-23T23:16:20.000Z,"our miss fan favorite ‚ô° 
@denalifox
 

#DragRace",1,,4
eli ‚òÅÔ∏é¬∑Ã©Õô‚úß ¬¶¬¶ blm,2021-04-22T14:35:01.000Z,"the back to back black excellency ‚ô°Ô∏é 

#DragRace",,,1
,2021-04-24T00:09:10.000Z,ALL FOUR ATEEE THEM MOTHERFUCKIN LOOKS UPPP !!! #rupaulsdragraceseason13 #DragRace ,,,
Umathandizinto,2021-04-17T10:09:44.000Z,Did Tamisha just admit that if there were no cameras she would have hit Kandy #DragRaceGIF,,,4
Manuel Ordonez,2021-04-17T04:23:50.000Z,"Lol! Kandy Muse was carried to the top 4 literary for the drama (storyline) she has been doing the whole season!

#DragRace",4,6,108
agustin essence methyd,2021-04-24T00:05:08.000Z,OMG EL LOOK DE SYMOME #DragRaceFinale #DragRace,,,
"Flopiana
fashion clown #teamgottmik #teamros√®",2021-04-17T13:19:10.000Z,"RPDR season 13 cast              My top    
                                                       3 #dragrace",,,6
"Who, me?! Like this?!",2021-04-22T19:25:19.000Z,This is my #DragRace Hall of Fame. What's yours?,1,,1
Chronic Fatigue & Trauma HQ,2021-04-18T16:24:11.000Z,"If what I‚Äôm hearing about the #DragRace finale top 2 is true, they better crown the right bitchGIF",,,1
Stevey Wanders,2021-04-22T22:56:45.000Z,"Almost two weeks ago when Rupaul said they would announce the winner in two weeks. This fucking never ending season. Fuck that reunion girl, we had it already in that ‚Äúspecial‚Äù covid episode. #DragRaceGIF",,,
J-Lang,2021-04-20T14:55:00.000Z,"Happy #420day errybody #DragRace 
 @QueenUtica",,,
D√™v√Øl,2021-04-17T02:09:53.000Z,"TOP FOUR BITCHES 
#DragRace",,,5
symone's arm mannerism,2021-04-17T01:45:17.000Z,"of course olivia had to play the piano

#DragRace",,,12
BLM | Mannifred Quinnzelle,2021-04-22T23:09:14.000Z,"it‚Äôs not that i want another tie

i just wanna simultaneously inhabit the universes where symone and mik each snatch the crown
#DragRace",,,
MANU,2021-04-20T01:37:37.000Z,"Facts are facts...
#DragRace",,1,4
agatha heartless,2021-04-24T00:05:35.000Z,ITS ON BITCHESSSSSSSSSSS #DragRace #DragRaceFinale,,,
Drag Doll,2021-04-19T21:25:16.000Z,"Henny, I Shrunk The Drag Queen 
#DragRace #Rose #StunningThe Ros√©",,,4
Judson,2021-04-24T00:06:13.000Z,12 runway looks in the opening act. This is going to be a crazy ending.  #DragRace #DragRaceFinale,1,,1
Judson,2021-04-24T00:09:29.000Z,"13 sickening runway looks. Fuck yas 
@jaidaehall
  #DragRace #DragRaceFinale",,,
GAG-A-TONDRA,2021-04-23T02:10:14.000Z,Anyway #TeamGottmik see y'all on the main stage tmrw when we crown my queen #DragRaceGIF,,,6
The Yamburglar,2021-04-19T23:16:14.000Z,This 2hr #DragRace reunion y‚Äôall talking about,,,1
janet‚Äôs diamond ring,2021-04-18T12:02:15.000Z,There are literally zero timelines in which Ros√© is winning against Gottmik or Symone. Some of y‚Äôall are smoking crack. #DragRace,1,,11
Kit,2021-04-23T15:21:48.000Z,"Ellen Sticky Bun
#DragRace 
@RuPaulsDragRaceQuote Tweet
RuPaul‚Äôs Drag Race UK Fans
@rpdrukfans
 ¬∑ Apr 22
Let us know Racers 
Show this thread",,,
MANU,2021-04-17T16:48:31.000Z,"Arrogant >>>> Lucky
I said what I said
#DragRaceTamishaIMAN",,,3
Isaiah ;),2021-04-23T04:18:33.000Z,"#teamsymonemuse , crown them both 
 #DragRace",,,
adam,2021-04-20T01:31:42.000Z,"She has winner written all over her 
 #TeamGottmik #DragRace",,,2
Whitley Marion,2021-04-18T02:30:46.000Z,"I love 
@TamishaIman1
 #DragRaceGIF",,,
Cara Uma Mel,2021-04-17T19:11:59.000Z,"Glad you are here! What can I do for you?
My speciality is a Buttery Nipple!

#butter #nippy #nipplay #DragRace  #Buttplay #dodgecoin #MacGyver #MarriedAtFirstSightThe following media includes potentially sensitive content. Change settings
View",1,2,15
Big Dee,2021-04-23T23:22:24.000Z,If RuPaul could stop making music that‚Äôd be great. #DragRace #RuPaulsDragRace,,,
aleister,2021-04-21T11:21:16.000Z,"Ayo 
@SHARON_NEEDLES
 and 
@Alaska5000
 why are ur main songs only instrumentals now, why were the vocals removed ? #dragrace #rupauldragrace #spotify",,,
Gilly Brownbottom,2021-04-23T06:12:37.000Z,"Ok here‚Äôs my vote: Please just give Symone the crown & also please don‚Äôt let 
@PrimeVideo
 delay the finale release #TeamSymone #DragRaceQuote Tweet
RuPaul's Drag Race
@RuPaulsDragRace
 ¬∑ Apr 9
Are you #TeamSymone? Show @the_symonee some love by using #TeamSymone across social media! 
 #DragRace",,,
Drag&Democracy,2021-04-18T01:38:08.000Z,"Can we talk about 
@VivaciousNYC
 speaking the queer gospel? #dragrace #RuPaulsDragRace #drag #lgtbq",,,2
Drag Doll,2021-04-23T19:51:07.000Z,"Drag Race Spoiler: TAMISHA IMAN IS COMING FOR YOU!!! 
#DragRace #TamishaImanGIF",,,4
Ma Raineys Versbottom,2021-04-19T22:59:00.000Z,Chile my blood sugar is low. Lemme get the fuck up out this gym. #TeamSymone #DragRace,,,3
DumbB!tchJaden,2021-04-22T17:40:34.000Z,"We did it Joe!!!!!! 
@TheKandyMuse
 #teamkandymuse #DragRaceKANDY ‚ÄúTOP 4‚Äù MUSE",,,2
"fred
#teamros√©",2021-04-23T16:15:20.000Z,THIS WAS INSANE OF HER #TeamRos√© #DragRace,,,1
ros√©nali jantasy ‚òæ,2021-04-23T21:45:00.000Z,"Replying to 
@rowdymuse‚ùù
@omgheyrose
 is a total package. ‚ùû ‚Äì 
@TamishaIman1
 

thank you miss tamisha! #TeamRos√© #DragRace",2,,2
ros√©nali jantasy ‚òæ,2021-04-23T22:07:38.000Z,"@joeyjayisgay
 being the first ever gay ass bitch on rpdr 

i just love me some joey jay ‚ô° #DragRace1:30
82 views",1,,1
d-_-b,2021-04-17T10:42:54.000Z,"How you like that 
#DragRace",,,
NothingLikeUrExes,2021-04-23T23:10:17.000Z,"Is ya blood suga low ? 
@RuPaulsDragRace
 @the_symonee
 #DragRace",,,1
stevenson,2021-04-22T01:00:01.000Z,mood #DragRace,,1,4
melodrama,2021-04-23T11:30:20.000Z,"I just feel 
@the_symonee
 hasn't put out her opinions in front of us and has kept shut and agreed with the others most of the times . 
    just with that we're #teamro≈õe 
#DragRace #DragRaceFinale",,,1
Space_Rock,2021-04-22T22:08:54.000Z,"I wonder how the #DragRace season finale is going to work. The old lip sync format really seems outdated at this point and since all four of the finalists had to go to rehearsals together for the finale does this mean a change is coming? 
@RuPaulsDragRace
 @jakeyoncetv
 #TeamRose ",,,
Duck My Sick,2021-04-24T00:06:10.000Z,BITCH SYMONE!!!!!!!!! #DragRace #DragRaceFinale,,,
Jordan,2021-04-24T00:06:51.000Z,BITCH! These Queens did not come to play. #DragRace #DragRaceFinale,,,
William Haze,2021-04-24T00:03:11.000Z,"@TheKandyMuse
 looks fan fucking tastic #DragRace  #rpdr",,,
ùï∏ùñû ùñìùñÜùñíùñä ùñéùñò ùïªùñäùñÜùñóùñë,2021-04-21T22:07:42.000Z,"I know it ended ages ago but I'm annoyed the fact that 
@dragraceukbbc
 thought 
@its_tayce
 wasnt as good as she was when she literally choreographed the whole of UK Hun?!?! THATS A STAR BABY #DragRace",,,
VOTE FOR TOKIKO,2021-04-23T16:27:17.000Z,"KLOWNS ARE YOU READY FOR TONIGHT?!?!?!?!?!?! #DragRace #TEAMKANDY 
@TheKandyMuseFrom 
reaction videos",,,
President Snow,2021-04-22T16:51:15.000Z,"Bitch. Wait. The #dragrace prize money is only about $66,000 AFTER TAXES????
Bitchhhhhh Ru girl if you don‚Äôt up that damn prize money Chile. The hell??GIF",,,
J,2021-04-24T00:04:13.000Z,"Not 
@RuPaul
 doing the same two step move he does every finale #DragRace #TeamGottmikGIF",,,
Elektra Edwards,2021-04-23T06:57:02.000Z,"Every time I leave the house I set a mark

#drag #dragartist #DragRace #rpdr #rpdruk #draguk #pose #dragqueen",,,
matt,2021-04-22T21:33:45.000Z,The saddest part of Prince Phillips death is that he‚Äôll never know the winner of rupauls drag race season 13 #DragRace #RuPaulsDragRace #TeamGottmik #TeamRos√© #TeamSymone #TeamKandy,,,1
john cenas jorts ‚Ä¢,2021-04-24T00:23:16.000Z,"me going to the back so that i can steal symone's outfits #DragRace178 views
0:01 / 0:05
From 
ayo's archives",,,2
Black Lives Still Matter,2021-04-24T00:18:21.000Z,"GottMik when she came out with her finale look #DragRace #DragRaceFinaleFrom 
Jish",,1,13
Barkley,2021-04-18T07:22:08.000Z,"We #dragrace fans are so salty 
@Dan_D_Tv",1,,2
ama,2021-04-23T10:42:54.000Z,it's time for her crowning #DragRace,,,1
Mamoon Hameed,2021-04-18T13:35:48.000Z,"Peace be upon you.
Please Donate for the cause of Allah & propagation of messages of Allah.
#QuranSays by #MohammadShaikh #ServantOfAllah #TheQuranMan at http://iipccanada.com
http://muhammadshaikh.com
#Ÿ¢ÿ±ŸÖÿ∂ÿßŸÜ #7amFirePrayers #Ÿ¶ÿ±ŸÖÿ∂ÿßŸÜ_Ÿ°Ÿ§Ÿ§Ÿ¢ #StopIslamophobia #DragRace #COVID„Éº19",,5,2
Natasha Suchscockov√°,2021-04-23T02:54:57.000Z,"Looking forward to 
@TheKandyMuse
‚Äôs elimination tomorrow night! #DragRaceGIF",,,
Yogi chico,2021-04-21T23:13:22.000Z,Please.....not queen kong...#DragRace,,,
seb,2021-04-23T22:33:32.000Z,"Randomly kiki-ed with my psychiatrist today about drag race and he asked how a trans man could compete on the show. After I explained, he got it and said he was going to tune in for the finale. Thank you 
@gottmik
 for breaking ceilings and starting conversations #DragRace",,,
Eduardo Di Castro,2021-04-23T23:16:18.000Z,"Is yo blood suga low!? 
@the_symonee
 #dragrace #RuPaulsDragRaceGIF",,,
Beelzehubby,2021-04-17T21:38:26.000Z,#DragRace gets kind of old eventually. It's a bunch of dudes in dresses being overly dramatic. Can we just change it up a bit. Maybe bring in hot trannies that can cause some confused boners for people.GIF,,,
Natasha Suchscockov√°,2021-04-23T02:49:03.000Z,"I hate 
@TheKandyMuse
 aka Kandy Moose #DragRaceGIF",,,
Quan.À£,2021-04-23T19:27:08.000Z,I miss the days of subtle reveals. The best part of a good reveal is that you never see it coming! these nebulous blob coats and tear-away suits are not exciting!! #DragRace,1,1,70
